{"d":`
{"results":[{"__metadata":{"id":"http://efsvm-d23.efspdc.e5sol.com:8001/sap/opu/odata/sap/ZHR_VF_RCV_SRV/PurchaseOrderItems('4500000215')","uri":"http://efsvm-d23.efspdc.e5sol.com:8001/sap/opu/odata/sap/ZHR_VF_RCV_SRV/PurchaseOrderItems('4500000215')","type":"ZHR_VF_RCV_SRV.PurchaseOrderItems","properties":{"PurchaseOrderHeader":{"associationuri":"http://efsvm-d23.efspdc.e5sol.com:8001/sap/opu/odata/sap/ZHR_VF_RCV_SRV/PurchaseOrderItems('4500000215')/$links/PurchaseOrderHeader"}}},"PoNumber":"4500000215","PoItem":"00010","PurMat":"H12","ShortText":"Trading Good,Reorder Point,Reg.Tr.","Unit":"EA","DispQuan":"20.000","PurchaseOrderHeader":{"__deferred":{"uri":"http://efsvm-d23.efspdc.e5sol.com:8001/sap/opu/odata/sap/ZHR_VF_RCV_SRV/PurchaseOrderItems('4500000215')/PurchaseOrderHeader"}}},{"__metadata":{"id":"http://efsvm-d23.efspdc.e5sol.com:8001/sap/opu/odata/sap/ZHR_VF_RCV_SRV/PurchaseOrderItems('4500000215')","uri":"http://efsvm-d23.efspdc.e5sol.com:8001/sap/opu/odata/sap/ZHR_VF_RCV_SRV/PurchaseOrderItems('4500000215')","type":"ZHR_VF_RCV_SRV.PurchaseOrderItems","properties":{"PurchaseOrderHeader":{"associationuri":"http://efsvm-d23.efspdc.e5sol.com:8001/sap/opu/odata/sap/ZHR_VF_RCV_SRV/PurchaseOrderItems('4500000215')/$links/PurchaseOrderHeader"}}},"PoNumber":"4500000215","PoItem":"00020","PurMat":"H11","ShortText":"Trading Good,PD,Reg.Trading","Unit":"EA","DispQuan":"20.000","PurchaseOrderHeader":{"__deferred":{"uri":"http://efsvm-d23.efspdc.e5sol.com:8001/sap/opu/odata/sap/ZHR_VF_RCV_SRV/PurchaseOrderItems('4500000215')/PurchaseOrderHeader"}}},{"__metadata":{"id":"http://efsvm-d23.efspdc.e5sol.com:8001/sap/opu/odata/sap/ZHR_VF_RCV_SRV/PurchaseOrderItems('4500000215')","uri":"http://efsvm-d23.efspdc.e5sol.com:8001/sap/opu/odata/sap/ZHR_VF_RCV_SRV/PurchaseOrderItems('4500000215')","type":"ZHR_VF_RCV_SRV.PurchaseOrderItems","properties":{"PurchaseOrderHeader":{"associationuri":"http://efsvm-d23.efspdc.e5sol.com:8001/sap/opu/odata/sap/ZHR_VF_RCV_SRV/PurchaseOrderItems('4500000215')/$links/PurchaseOrderHeader"}}},"PoNumber":"4500000215","PoItem":"00030","PurMat":"H21","ShortText":"Trading Good,Reorder Point,Batch-FIFO","Unit":"EA","DispQuan":"30.000","PurchaseOrderHeader":{"__deferred":{"uri":"http://efsvm-d23.efspdc.e5sol.com:8001/sap/opu/odata/sap/ZHR_VF_RCV_SRV/PurchaseOrderItems('4500000215')/PurchaseOrderHeader"}}}]}}